{
    "rmse": 0.6871100833986682,
    "mae": 0.554135707844666,
    "r2": 0.282601023084448
}