{
    "rmse": 0.6984861549248692,
    "mae": 0.5339341824099613,
    "r2": 0.23382213714148903
}